"","feature","importance.05","importance","importance.95","permutation.error"
"1","GNAS",0.285294117647059,0.327731092436975,0.388655462184874,0.361344537815126
"2","PPARGC1A",0.00840336134453782,0.0168067226890756,0.0256302521008403,0.0504201680672269
"3","PRKCD",0,0.00840336134453782,0.00882352941176472,0.0420168067226891
"4","PTPRJ",0,0.00420168067226891,0.00840336134453782,0.0378151260504202
